fecha,diario,seccion,n,paginas
2019-01-01,1,1,2,6
2019-01-01,1,2A,7,11
2019-01-01,1,2B,28,107
2019-01-01,1,3,10,66
2019-01-02,2,1,1,1
2019-01-02,2,2A,12,13
2019-01-02,2,2B,8,27
2019-01-02,2,3,6,40
2019-01-02,2,4,52,55
2019-01-02,2,5A,50,115
2019-01-02,2,5B,18,48
2019-01-03,3,1,1,19
2019-01-03,3,2B,8,8
2019-01-03,3,3,35,232
2019-01-03,3,4,9,10
2019-01-03,3,5A,11,26
2019-01-03,3,5B,3,6
2019-01-04,4,1,4,191
2019-01-04,4,2A,3,4
2019-01-04,4,2B,11,120
2019-01-04,4,3,40,412
2019-01-04,4,4,1,1
2019-01-04,4,5A,2,7
2019-01-05,5,1,1,2
2019-01-05,5,2A,3,5
2019-01-05,5,2B,5,5
2019-01-05,5,3,3,3
2019-01-05,5,4,94,94
2019-01-05,5,5A,2,2
2019-01-05,5,5B,7,7
2019-01-05,5,5C,6,6
2019-01-07,6,1,1,5
2019-01-07,6,2A,2,2
2019-01-07,6,2B,6,6
2019-01-07,6,3,5,49
2019-01-07,6,4,35,36
2019-01-07,6,5A,48,84
2019-01-07,6,5B,11,22
2019-01-08,7,1,1,2
2019-01-08,7,2A,5,11
2019-01-08,7,2B,15,88
2019-01-08,7,3,7,131
2019-01-08,7,4,120,125
2019-01-08,7,5A,22,42
2019-01-08,7,5B,22,26
2019-01-08,7,5C,3,3
2019-01-09,8,1,1,27
2019-01-09,8,2B,2,63
2019-01-09,8,3,9,72
2019-01-09,8,4,17,19
2019-01-09,8,5A,24,57
2019-01-09,8,5B,6,11
2019-01-10,9,1,2,7
2019-01-10,9,2A,5,11
2019-01-10,9,2B,20,52
2019-01-10,9,3,11,83
2019-01-11,10,1,3,49
2019-01-11,10,2A,1,1
2019-01-11,10,2B,7,96
2019-01-11,10,3,23,191
2019-01-11,10,4,44,45
2019-01-11,10,5A,31,60
2019-01-11,10,5B,10,22
2019-01-11,10,5C,1,1
2019-01-12,11,1,6,86
2019-01-12,11,2A,12,13
2019-01-12,11,2B,21,75
2019-01-12,11,3,7,13
2019-01-12,11,4,245,246
2019-01-12,11,5A,21,43
2019-01-12,11,5B,54,54
2019-01-12,11,5C,13,13
2019-01-14,12,1,6,87
2019-01-14,12,2A,1,2
2019-01-14,12,2B,14,15
2019-01-14,12,3,13,167
2019-01-14,12,4,174,180
2019-01-14,12,5A,106,206
2019-01-14,12,5B,103,110
2019-01-14,12,5C,6,7
2019-01-15,13,1,7,95
2019-01-15,13,2A,6,9
2019-01-15,13,2B,35,73
2019-01-15,13,3,11,48
2019-01-15,13,4,107,112
2019-01-15,13,5A,72,167
2019-01-15,13,5B,44,46
2019-01-15,13,5C,1,1
2019-01-15,13,T,9,214
2019-01-16,14,1,4,127
2019-01-16,14,2A,8,8
2019-01-16,14,2B,18,92
2019-01-16,14,3,13,114
2019-01-16,14,4,2,2
2019-01-17,15,1,2,32
2019-01-17,15,2A,10,16
2019-01-17,15,2B,8,39
2019-01-17,15,3,14,117
2019-01-17,15,4,53,54
2019-01-17,15,5A,33,62
2019-01-17,15,5B,26,29
2019-01-17,15,5C,3,3
2019-01-18,16,1,10,524
2019-01-18,16,2A,10,13
2019-01-18,16,2B,18,40
2019-01-18,16,3,37,150
2019-01-18,16,4,34,34
2019-01-18,16,5A,31,70
2019-01-18,16,5B,8,28
2019-01-19,17,1,1,2
2019-01-19,17,2A,9,27
2019-01-19,17,2B,6,23
2019-01-19,17,3,15,103
2019-01-19,17,4,292,294
2019-01-19,17,5A,21,40
2019-01-19,17,5B,38,39
2019-01-19,17,5C,11,11
2019-01-21,18,1,4,46
2019-01-21,18,2A,5,7
2019-01-21,18,2B,13,119
2019-01-21,18,3,16,40
2019-01-21,18,4,176,178
2019-01-21,18,5A,89,171
2019-01-21,18,5B,56,73
2019-01-21,18,5C,2,3
2019-01-22,19,1,5,25
2019-01-22,19,2A,14,19
2019-01-22,19,2B,26,48
2019-01-22,19,3,14,102
2019-01-22,19,4,129,130
2019-01-22,19,5A,73,120
2019-01-22,19,5B,35,37
2019-01-22,19,5C,4,4
2019-01-23,20,1,10,486
2019-01-23,20,2A,12,24
2019-01-23,20,2B,8,12
2019-01-23,20,3,26,396
2019-01-23,20,5A,6,17
2019-01-23,20,5B,1,1
2019-01-24,21,1,7,129
2019-01-24,21,2A,12,30
2019-01-24,21,2B,9,64
2019-01-24,21,3,26,271
2019-01-24,21,4,56,59
2019-01-24,21,5A,43,89
2019-01-24,21,5B,19,31
2019-01-25,22,1,8,246
2019-01-25,22,2A,22,42
2019-01-25,22,2B,34,94
2019-01-25,22,3,38,255
2019-01-25,22,4,19,19
2019-01-25,22,5A,27,55
2019-01-25,22,5B,9,12
2019-01-25,22,5C,3,5
2019-01-25,22,T,5,126
2019-01-26,23,1,8,83
2019-01-26,23,2A,13,19
2019-01-26,23,3,11,61
2019-01-26,23,4,251,251
2019-01-26,23,5A,14,26
2019-01-26,23,5B,49,50
2019-01-26,23,5C,10,10
2019-01-28,24,1,5,252
2019-01-28,24,2A,6,7
2019-01-28,24,2B,8,80
2019-01-28,24,3,42,197
2019-01-28,24,4,178,184
2019-01-28,24,5A,84,154
2019-01-28,24,5B,94,97
2019-01-28,24,5C,3,3
2019-01-29,25,1,9,58
2019-01-29,25,2A,15,29
2019-01-29,25,2B,5,35
2019-01-29,25,3,20,121
2019-01-29,25,4,143,150
2019-01-29,25,5A,29,51
2019-01-29,25,5B,41,44
2019-01-29,25,5C,3,3
2019-01-30,26,1,5,8
2019-01-30,26,2A,4,7
2019-01-30,26,2B,17,96
2019-01-30,26,3,17,137
2019-01-30,26,5A,2,2
2019-01-30,26,5B,1,4
2019-01-31,27,1,7,23
2019-01-31,27,2A,43,124
2019-01-31,27,2B,14,67
2019-01-31,27,3,29,162
2019-01-31,27,4,53,56
2019-01-31,27,5A,41,69
2019-01-31,27,5B,19,24
2019-01-31,27,5C,1,1
2019-02-01,28,1,4,26
2019-02-01,28,2A,5,5
2019-02-01,28,2B,76,393
2019-02-01,28,3,38,289
2019-02-01,28,4,33,33
2019-02-01,28,5A,27,66
2019-02-01,28,5B,19,19
2019-02-02,29,1,9,81
2019-02-02,29,2A,8,10
2019-02-02,29,2B,8,47
2019-02-02,29,3,8,31
2019-02-02,29,4,292,294
2019-02-02,29,5A,20,46
2019-02-02,29,5B,56,57
2019-02-02,29,5C,12,12
2019-02-04,30,1,2,28
2019-02-04,30,2A,17,18
2019-02-04,30,2B,35,72
2019-02-04,30,3,31,268
2019-02-04,30,4,169,173
2019-02-04,30,5A,45,74
2019-02-04,30,5B,55,71
2019-02-04,30,5C,2,2
2019-02-05,31,1,3,19
2019-02-05,31,2A,13,29
2019-02-05,31,2B,19,51
2019-02-05,31,3,24,146
2019-02-05,31,4,136,136
2019-02-05,31,5A,39,91
2019-02-05,31,5B,30,35
2019-02-05,31,5C,4,5
2019-02-06,32,1,6,39
2019-02-06,32,2A,13,157
2019-02-06,32,2B,11,80
2019-02-06,32,3,59,467
2019-02-06,32,5B,1,1
2019-02-06,32,5C,1,1
2019-02-07,33,1,6,230
2019-02-07,33,2A,13,29
2019-02-07,33,2B,24,90
2019-02-07,33,3,21,213
2019-02-07,33,4,58,145
2019-02-07,33,5A,41,91
2019-02-07,33,5B,32,38
2019-02-07,33,5C,6,6
2019-02-08,34,1,7,89
2019-02-08,34,2A,17,22
2019-02-08,34,2B,25,68
2019-02-08,34,3,42,694
2019-02-08,34,4,36,38
2019-02-08,34,5A,27,90
2019-02-08,34,5B,8,8
2019-02-08,34,5C,3,3
2019-02-09,35,1,13,251
2019-02-09,35,2A,7,16
2019-02-09,35,2B,1,25
2019-02-09,35,3,5,33
2019-02-09,35,4,295,295
2019-02-09,35,5A,25,51
2019-02-09,35,5B,71,73
2019-02-09,35,5C,21,21
2019-02-11,36,1,1,1
2019-02-11,36,2A,18,35
2019-02-11,36,2B,18,65
2019-02-11,36,3,32,137
2019-02-11,36,4,195,203
2019-02-11,36,5A,77,179
2019-02-11,36,5B,65,75
2019-02-11,36,5C,2,2
2019-02-12,37,1,3,12
2019-02-12,37,2A,10,12
2019-02-12,37,2B,15,98
2019-02-12,37,3,27,124
2019-02-12,37,4,166,168
2019-02-12,37,5A,30,63
2019-02-12,37,5B,32,45
2019-02-12,37,5C,7,8
2019-02-13,38,1,7,128
2019-02-13,38,2A,7,8
2019-02-13,38,2B,23,75
2019-02-13,38,3,15,251
2019-02-13,38,5A,1,1
2019-02-13,38,5B,1,1
2019-02-14,39,1,5,606
2019-02-14,39,2A,5,16
2019-02-14,39,2B,8,18
2019-02-14,39,3,25,143
2019-02-14,39,4,68,69
2019-02-14,39,5A,46,91
2019-02-14,39,5B,29,39
2019-02-14,39,5C,1,1
2019-02-14,39,T,9,147
2019-02-15,40,1,4,206
2019-02-15,40,2A,8,13
2019-02-15,40,2B,54,182
2019-02-15,40,3,41,248
2019-02-15,40,4,35,36
2019-02-15,40,5A,20,40
2019-02-15,40,5B,29,36
2019-02-15,40,5C,1,1
2019-02-16,41,1,7,62
2019-02-16,41,2A,9,10
2019-02-16,41,2B,1,1
2019-02-16,41,3,20,165
2019-02-16,41,4,230,230
2019-02-16,41,5A,18,36
2019-02-16,41,5B,30,31
2019-02-16,41,5C,4,4
2019-02-18,42,1,1,3
2019-02-18,42,2A,9,15
2019-02-18,42,2B,7,51
2019-02-18,42,3,18,156
2019-02-18,42,4,142,146
2019-02-18,42,5A,28,51
2019-02-18,42,5B,37,56
2019-02-18,42,5C,1,1
2019-02-19,43,1,1,11
2019-02-19,43,2A,27,191
2019-02-19,43,2B,24,67
2019-02-19,43,3,21,173
2019-02-19,43,4,155,157
2019-02-19,43,5A,37,77
2019-02-19,43,5B,54,116
2019-02-19,43,5C,5,5
2019-02-20,44,1,4,143
2019-02-20,44,2A,10,22
2019-02-20,44,2B,24,67
2019-02-20,44,3,37,330
2019-02-20,44,4,56,60
2019-02-20,44,5A,32,62
2019-02-20,44,5B,17,20
2019-02-20,44,5C,2,2
2019-02-21,45,1,5,33
2019-02-21,45,2A,15,27
2019-02-21,45,2B,13,88
2019-02-21,45,3,45,194
2019-02-21,45,4,78,81
2019-02-21,45,5A,27,76
2019-02-21,45,5B,27,31
2019-02-21,45,5C,2,2
2019-02-22,46,1,4,38
2019-02-22,46,2A,32,49
2019-02-22,46,2B,29,108
2019-02-22,46,3,38,227
2019-02-22,46,4,41,44
2019-02-22,46,5A,20,40
2019-02-22,46,5B,14,15
2019-02-22,46,5C,1,1
2019-02-22,46,T,6,104
2019-02-23,47,1,8,54
2019-02-23,47,2A,5,13
2019-02-23,47,2B,3,29
2019-02-23,47,3,17,41
2019-02-23,47,4,365,367
2019-02-23,47,5A,11,21
2019-02-23,47,5B,45,50
2019-02-23,47,5C,12,12
2019-02-25,48,1,2,26
2019-02-25,48,2A,17,18
2019-02-25,48,2B,22,135
2019-02-25,48,3,10,19
2019-02-25,48,4,161,161
2019-02-25,48,5A,28,66
2019-02-25,48,5B,74,82
2019-02-25,48,5C,2,2
2019-02-26,49,1,10,129
2019-02-26,49,2A,4,7
2019-02-26,49,2B,9,97
2019-02-26,49,3,49,191
2019-02-26,49,4,171,172
2019-02-26,49,5A,43,89
2019-02-26,49,5B,48,58
2019-02-26,49,5C,3,3
2019-02-27,50,1,12,303
2019-02-27,50,2A,18,26
2019-02-27,50,2B,19,30
2019-02-27,50,3,24,280
2019-02-27,50,4,54,56
2019-02-27,50,5A,40,74
2019-02-27,50,5B,30,31
2019-02-28,51,1,7,154
2019-02-28,51,2A,13,14
2019-02-28,51,2B,21,143
2019-02-28,51,3,38,440
2019-02-28,51,4,56,61
2019-02-28,51,5A,31,73
2019-02-28,51,5B,28,36
2019-02-28,51,5C,4,6
2019-03-01,52,1,8,109
2019-03-01,52,2A,9,25
2019-03-01,52,2B,64,267
2019-03-01,52,3,34,162
2019-03-01,52,4,39,40
2019-03-01,52,5A,20,43
2019-03-01,52,5B,14,15
2019-03-02,53,1,8,158
2019-03-02,53,2A,15,19
2019-03-02,53,2B,7,101
2019-03-02,53,3,23,47
2019-03-02,53,4,382,382
2019-03-02,53,5A,21,48
2019-03-02,53,5B,80,82
2019-03-02,53,5C,12,14
2019-03-04,54,2A,14,17
2019-03-04,54,2B,39,256
2019-03-04,54,3,29,131
2019-03-04,54,4,149,152
2019-03-04,54,5A,30,60
2019-03-04,54,5B,52,59
2019-03-04,54,5C,4,4
2019-03-05,55,1,7,47
2019-03-05,55,2A,20,40
2019-03-05,55,2B,21,38
2019-03-05,55,3,25,121
2019-03-05,55,4,124,125
2019-03-05,55,5A,36,81
2019-03-05,55,5B,35,40
2019-03-05,55,5C,1,1
2019-03-06,56,1,11,164
2019-03-06,56,2A,8,8
2019-03-06,56,2B,11,29
2019-03-06,56,3,33,238
2019-03-06,56,4,29,31
2019-03-06,56,5A,37,85
2019-03-06,56,5B,30,56
2019-03-07,57,1,2,29
2019-03-07,57,2A,5,9
2019-03-07,57,2B,20,72
2019-03-07,57,3,36,417
2019-03-07,57,4,47,53
2019-03-07,57,5A,28,50
2019-03-07,57,5B,18,19
2019-03-07,57,5C,1,1
2019-03-08,58,1,6,33
2019-03-08,58,2A,35,44
2019-03-08,58,2B,22,154
2019-03-08,58,3,32,236
2019-03-08,58,4,37,38
2019-03-08,58,5A,32,69
2019-03-08,58,5B,24,51
2019-03-08,58,5C,1,1
2019-03-09,59,1,3,10
2019-03-09,59,2A,5,6
2019-03-09,59,2B,8,56
2019-03-09,59,3,4,33
2019-03-09,59,4,313,314
2019-03-09,59,5A,16,31
2019-03-09,59,5B,42,45
2019-03-09,59,5C,7,7
2019-03-11,60,1,2,50
2019-03-11,60,2A,15,46
2019-03-11,60,2B,17,182
2019-03-11,60,3,25,87
2019-03-11,60,4,173,176
2019-03-11,60,5A,31,59
2019-03-11,60,5B,26,26
2019-03-11,60,5C,3,3
2019-03-12,61,1,12,264
2019-03-12,61,2A,13,21
2019-03-12,61,2B,18,34
2019-03-12,61,3,38,302
2019-03-12,61,4,141,145
2019-03-12,61,5A,48,91
2019-03-12,61,5B,33,45
2019-03-12,61,5C,3,3
2019-03-13,62,1,5,124
2019-03-13,62,2A,9,13
2019-03-13,62,2B,24,77
2019-03-13,62,3,41,300
2019-03-13,62,4,54,56
2019-03-13,62,5A,32,68
2019-03-13,62,5B,19,22
2019-03-13,62,5C,2,2
2019-03-14,63,1,4,47
2019-03-14,63,2A,2,17
2019-03-14,63,2B,10,127
2019-03-14,63,3,40,901
2019-03-14,63,4,76,85
2019-03-14,63,5A,33,65
2019-03-14,63,5B,37,50
2019-03-14,63,5C,2,2
2019-03-15,64,1,9,227
2019-03-15,64,2A,25,34
2019-03-15,64,2B,60,304
2019-03-15,64,3,23,381
2019-03-15,64,4,38,41
2019-03-15,64,5A,35,71
2019-03-15,64,5B,21,44
2019-03-16,65,1,3,98
2019-03-16,65,2A,17,49
2019-03-16,65,2B,17,137
2019-03-16,65,3,6,40
2019-03-16,65,4,318,318
2019-03-16,65,5A,15,51
2019-03-16,65,5B,134,137
2019-03-16,65,5C,17,17
2019-03-18,66,1,6,64
2019-03-18,66,2A,10,15
2019-03-18,66,2B,16,313
2019-03-18,66,3,18,99
2019-03-18,66,4,153,155
2019-03-18,66,5A,34,75
2019-03-18,66,5B,27,31
2019-03-18,66,5C,4,4
2019-03-19,67,1,9,247
2019-03-19,67,2A,9,14
2019-03-19,67,2B,33,54
2019-03-19,67,3,18,60
2019-03-19,67,4,141,142
2019-03-19,67,5A,55,103
2019-03-19,67,5B,28,43
2019-03-19,67,5C,5,5
2019-03-19,67,T,10,153
2019-03-20,68,1,12,680
2019-03-20,68,2A,10,81
2019-03-20,68,2B,32,123
2019-03-20,68,3,41,238
2019-03-20,68,4,46,63
2019-03-20,68,5A,58,159
2019-03-20,68,5B,30,34
2019-03-20,68,5C,3,3
2019-03-21,69,1,6,113
2019-03-21,69,2A,8,13
2019-03-21,69,2B,22,279
2019-03-21,69,3,33,377
2019-03-21,69,4,65,66
2019-03-21,69,5A,44,83
2019-03-21,69,5B,28,29
2019-03-21,69,5C,1,1
2019-03-22,70,1,6,159
2019-03-22,70,2A,14,22
2019-03-22,70,2B,29,80
2019-03-22,70,3,48,364
2019-03-22,70,4,35,38
2019-03-22,70,5A,15,29
2019-03-22,70,5B,9,14
2019-03-22,70,5C,2,2
2019-03-23,71,1,4,21
2019-03-23,71,2A,27,34
2019-03-23,71,2B,9,31
2019-03-23,71,3,5,11
2019-03-23,71,4,281,281
2019-03-23,71,5A,14,32
2019-03-23,71,5B,97,106
2019-03-23,71,5C,29,29
2019-03-25,72,1,8,129
2019-03-25,72,2A,18,18
2019-03-25,72,2B,31,44
2019-03-25,72,3,6,34
2019-03-25,72,4,145,147
2019-03-25,72,5A,46,93
2019-03-25,72,5B,37,41
2019-03-26,73,1,5,113
2019-03-26,73,2A,17,25
2019-03-26,73,2B,13,56
2019-03-26,73,3,48,240
2019-03-26,73,4,147,152
2019-03-26,73,5A,47,99
2019-03-26,73,5B,84,85
2019-03-26,73,5C,5,5
2019-03-26,73,T,10,206
2019-03-27,74,1,8,185
2019-03-27,74,2A,11,16
2019-03-27,74,2B,4,9
2019-03-27,74,3,22,496
2019-03-27,74,4,56,57
2019-03-27,74,5A,45,96
2019-03-27,74,5B,22,26
2019-03-27,74,5C,3,8
2019-03-28,75,1,2,16
2019-03-28,75,2A,19,20
2019-03-28,75,2B,18,43
2019-03-28,75,3,32,189
2019-03-28,75,4,43,44
2019-03-28,75,5A,36,71
2019-03-28,75,5B,25,29
2019-03-29,76,1,2,66
2019-03-29,76,2A,17,19
2019-03-29,76,2B,27,204
2019-03-29,76,3,58,410
2019-03-29,76,4,34,34
2019-03-29,76,5A,30,64
2019-03-29,76,5B,12,13
2019-03-30,77,1,10,93
2019-03-30,77,2A,15,16
2019-03-30,77,2B,11,35
2019-03-30,77,3,9,133
2019-03-30,77,4,312,312
2019-03-30,77,5A,15,27
2019-03-30,77,5B,54,55
2019-03-30,77,5C,30,30
2019-04-01,78,1,5,119
2019-04-01,78,2A,22,34
2019-04-01,78,2B,54,451
2019-04-01,78,3,26,231
2019-04-01,78,4,174,176
2019-04-01,78,5A,57,100
2019-04-01,78,5B,44,49
2019-04-01,78,5C,4,4
2019-04-02,79,1,32,114
2019-04-02,79,2A,4,5
2019-04-02,79,2B,27,44
2019-04-02,79,3,20,352
2019-04-02,79,4,166,169
2019-04-02,79,5A,35,68
2019-04-02,79,5B,52,56
2019-04-02,79,5C,2,2
2019-04-03,80,1,7,35
2019-04-03,80,2A,20,21
2019-04-03,80,2B,13,36
2019-04-03,80,3,6,53
2019-04-03,80,4,37,42
2019-04-03,80,5A,53,104
2019-04-03,80,5B,24,29
2019-04-03,80,5C,3,3
2019-04-04,81,1,7,91
2019-04-04,81,2A,15,18
2019-04-04,81,2B,17,89
2019-04-04,81,3,35,256
2019-04-04,81,4,50,53
2019-04-04,81,5A,45,101
2019-04-04,81,5B,25,29
2019-04-04,81,5C,4,4
2019-04-05,82,1,2,6
2019-04-05,82,2A,14,150
2019-04-05,82,2B,18,206
2019-04-05,82,3,27,226
2019-04-05,82,4,31,31
2019-04-05,82,5A,32,74
2019-04-05,82,5B,20,29
2019-04-06,83,1,6,70
2019-04-06,83,2A,26,45
2019-04-06,83,2B,15,76
2019-04-06,83,3,12,37
2019-04-06,83,4,306,308
2019-04-06,83,5A,12,26
2019-04-06,83,5B,200,206
2019-04-06,83,5C,12,12
2019-04-08,84,1,3,12
2019-04-08,84,2A,19,30
2019-04-08,84,2B,44,157
2019-04-08,84,3,32,208
2019-04-08,84,4,152,157
2019-04-08,84,5A,37,69
2019-04-08,84,5B,48,55
2019-04-08,84,5C,2,2
2019-04-09,85,1,4,113
2019-04-09,85,2A,15,24
2019-04-09,85,2B,24,131
2019-04-09,85,3,39,404
2019-04-09,85,4,128,130
2019-04-09,85,5A,29,57
2019-04-09,85,5B,35,45
2019-04-09,85,5C,3,3
2019-04-10,86,1,14,47
2019-04-10,86,2A,17,23
2019-04-10,86,2B,27,58
2019-04-10,86,3,34,343
2019-04-10,86,4,36,38
2019-04-10,86,5A,44,90
2019-04-10,86,5B,23,28
2019-04-11,87,1,4,25
2019-04-11,87,2A,13,15
2019-04-11,87,2B,30,264
2019-04-11,87,3,17,171
2019-04-11,87,4,67,70
2019-04-11,87,5A,54,107
2019-04-11,87,5B,33,44
2019-04-12,88,1,5,68
2019-04-12,88,2A,19,38
2019-04-12,88,2B,26,261
2019-04-12,88,3,34,322
2019-04-12,88,4,48,52
2019-04-12,88,5A,22,44
2019-04-12,88,5B,16,20
2019-04-13,89,1,19,500
2019-04-13,89,2A,16,17
2019-04-13,89,2B,7,9
2019-04-13,89,3,15,43
2019-04-13,89,4,380,383
2019-04-13,89,5A,12,24
2019-04-13,89,5B,134,162
2019-04-13,89,5C,10,10
2019-04-15,90,1,4,15
2019-04-15,90,2A,17,25
2019-04-15,90,2B,70,268
2019-04-15,90,3,15,67
2019-04-15,90,4,173,180
2019-04-15,90,5A,39,89
2019-04-15,90,5B,48,59
2019-04-15,90,5C,2,2
2019-04-15,90,T,2,29
2019-04-16,91,1,17,85
2019-04-16,91,2A,12,19
2019-04-16,91,2B,16,127
2019-04-16,91,3,40,278
2019-04-16,91,4,159,164
2019-04-16,91,5A,36,74
2019-04-16,91,5B,26,30
2019-04-16,91,5C,3,3
2019-04-17,92,1,12,69
2019-04-17,92,2A,7,8
2019-04-17,92,2B,11,88
2019-04-17,92,3,29,144
2019-04-17,92,4,68,71
2019-04-17,92,5A,47,102
2019-04-17,92,5B,31,45
2019-04-18,93,1,2,2
2019-04-18,93,2A,5,5
2019-04-18,93,2B,8,16
2019-04-18,93,3,3,12
2019-04-18,93,4,2,2
2019-04-18,93,5A,1,4
2019-04-18,93,5B,2,2
2019-04-19,94,1,1,1
2019-04-19,94,2B,6,106
2019-04-19,94,3,4,16
2019-04-20,95,1,1,6
2019-04-20,95,2A,17,21
2019-04-20,95,2B,7,33
2019-04-20,95,3,8,22
2019-04-20,95,4,115,115
2019-04-20,95,5B,54,54
2019-04-22,96,2A,33,187
2019-04-22,96,2B,10,72
2019-04-22,96,3,53,454
2019-04-22,96,4,133,133
2019-04-22,96,5A,44,99
2019-04-22,96,5B,17,42
2019-04-22,96,5C,23,23
2019-04-23,97,1,3,9
2019-04-23,97,2A,13,14
2019-04-23,97,2B,9,232
2019-04-23,97,3,37,173
2019-04-23,97,4,129,132
2019-04-23,97,5A,29,63
2019-04-23,97,5B,87,91
2019-04-23,97,5C,8,8
2019-04-24,98,1,1,4
2019-04-24,98,2A,13,25
2019-04-24,98,2B,16,51
2019-04-24,98,3,21,161
2019-04-24,98,4,36,36
2019-04-24,98,5A,46,95
2019-04-24,98,5B,13,16
2019-04-24,98,5C,3,3
2019-04-25,99,2A,14,42
2019-04-25,99,2B,13,99
2019-04-25,99,3,21,151
2019-04-25,99,4,34,34
2019-04-25,99,5A,19,41
2019-04-25,99,5B,21,35
2019-04-25,99,5C,1,1
2019-04-25,99,T,11,186
2019-04-26,100,1,3,13
2019-04-26,100,2A,11,15
2019-04-26,100,2B,14,40
2019-04-26,100,3,43,250
2019-04-26,100,4,26,27
2019-04-26,100,5A,32,69
2019-04-26,100,5B,12,19
2019-04-26,100,5C,1,1
2019-04-27,101,1,5,228
2019-04-27,101,2A,9,15
2019-04-27,101,2B,5,5
2019-04-27,101,3,5,18
2019-04-27,101,4,203,203
2019-04-27,101,5A,19,38
2019-04-27,101,5B,74,74
2019-04-27,101,5C,12,12
2019-04-29,102,1,5,80
2019-04-29,102,2A,7,10
2019-04-29,102,2B,12,105
2019-04-29,102,3,17,81
2019-04-29,102,4,132,136
2019-04-29,102,5A,33,85
2019-04-29,102,5B,43,44
2019-04-29,102,5C,3,3
2019-04-30,103,1,17,239
2019-04-30,103,2A,23,28
2019-04-30,103,2B,44,154
2019-04-30,103,3,58,3167
2019-04-30,103,4,128,130
2019-04-30,103,5A,50,96
2019-04-30,103,5B,48,51
2019-04-30,103,5C,2,4
2019-05-01,104,1,6,100
2019-05-01,104,2A,8,12
2019-05-01,104,2B,22,156
2019-05-01,104,3,27,154
2019-05-01,104,5A,3,5
2019-05-02,105,1,2,4
2019-05-02,105,2A,1,3
2019-05-02,105,2B,11,56
2019-05-02,105,3,9,43
2019-05-03,106,1,5,19
2019-05-03,106,2A,7,10
2019-05-03,106,2B,15,89
2019-05-03,106,3,13,43
2019-05-03,106,4,25,25
2019-05-03,106,5A,15,40
2019-05-03,106,5B,17,18
2019-05-03,106,5C,2,3
2019-05-04,107,1,8,71
2019-05-04,107,2A,2,2
2019-05-04,107,2B,8,12
2019-05-04,107,3,36,310
2019-05-04,107,4,192,193
2019-05-04,107,5A,11,23
2019-05-04,107,5B,57,79
2019-05-04,107,5C,3,3
2019-05-06,108,1,7,35
2019-05-06,108,2A,6,6
2019-05-06,108,2B,3,3
2019-05-06,108,3,20,178
2019-05-06,108,4,132,136
2019-05-06,108,5A,33,71
2019-05-06,108,5B,28,44
2019-05-06,108,5C,6,6
2019-05-07,109,1,9,73
2019-05-07,109,2A,26,32
2019-05-07,109,2B,14,41
2019-05-07,109,3,25,321
2019-05-07,109,4,154,155
2019-05-07,109,5A,46,90
2019-05-07,109,5B,96,102
2019-05-07,109,5C,2,2
2019-05-08,110,1,11,310
2019-05-08,110,2A,5,5
2019-05-08,110,2B,18,39
2019-05-08,110,3,7,70
2019-05-08,110,4,76,87
2019-05-08,110,5A,49,113
2019-05-08,110,5B,32,33
2019-05-09,111,1,2,3
2019-05-09,111,2A,11,14
2019-05-09,111,2B,23,48
2019-05-09,111,3,34,376
2019-05-09,111,4,41,42
2019-05-09,111,5A,54,117
2019-05-09,111,5B,26,35
2019-05-09,111,5C,2,2
2019-05-10,112,1,8,96
2019-05-10,112,2A,26,33
2019-05-10,112,2B,25,127
2019-05-10,112,3,51,328
2019-05-10,112,4,31,31
2019-05-10,112,5A,29,62
2019-05-10,112,5B,15,19
2019-05-11,113,1,7,49
2019-05-11,113,2A,4,4
2019-05-11,113,2B,8,82
2019-05-11,113,3,10,97
2019-05-11,113,4,341,342
2019-05-11,113,5A,26,55
2019-05-11,113,5B,179,182
2019-05-11,113,5C,14,14
2019-05-13,114,1,1,24
2019-05-13,114,2A,15,20
2019-05-13,114,2B,18,86
2019-05-13,114,3,84,710
2019-05-13,114,4,113,113
2019-05-13,114,5A,29,57
2019-05-13,114,5B,21,27
2019-05-13,114,5C,4,5
2019-05-14,115,1,11,105
2019-05-14,115,2A,23,30
2019-05-14,115,2B,26,143
2019-05-14,115,3,20,138
2019-05-14,115,4,120,124
2019-05-14,115,5A,35,76
2019-05-14,115,5B,34,41
2019-05-14,115,5C,5,5
2019-05-15,116,1,7,251
2019-05-15,116,2A,5,7
2019-05-15,116,2B,29,110
2019-05-15,116,3,7,22
2019-05-15,116,5A,1,1
2019-05-15,116,T,9,181
2019-05-16,117,1,11,102
2019-05-16,117,2A,2,5
2019-05-16,117,2B,24,179
2019-05-16,117,3,28,269
2019-05-16,117,4,38,39
2019-05-16,117,5A,48,93
2019-05-16,117,5B,50,62
2019-05-16,117,5C,2,2
2019-05-17,118,1,10,235
2019-05-17,118,2A,17,24
2019-05-17,118,2B,16,129
2019-05-17,118,3,45,486
2019-05-17,118,4,42,48
2019-05-17,118,5A,31,72
2019-05-17,118,5B,21,33
2019-05-18,119,1,7,27
2019-05-18,119,2A,7,13
2019-05-18,119,2B,13,39
2019-05-18,119,3,17,128
2019-05-18,119,4,221,221
2019-05-18,119,5A,13,21
2019-05-18,119,5B,84,91
2019-05-18,119,5C,11,11
2019-05-20,120,1,2,5
2019-05-20,120,2A,11,19
2019-05-20,120,2B,17,68
2019-05-20,120,3,32,194
2019-05-20,120,4,203,205
2019-05-20,120,5A,62,153
2019-05-20,120,5B,60,70
2019-05-20,120,5C,5,5
2019-05-21,121,2A,8,11
2019-05-21,121,2B,11,12
2019-05-21,121,3,15,131
2019-05-21,121,4,273,277
2019-05-21,121,5A,54,105
2019-05-21,121,5B,68,90
2019-05-21,121,5C,8,8
2019-05-22,122,1,2,9
2019-05-22,122,2A,6,7
2019-05-22,122,2B,26,239
2019-05-22,122,3,15,284
2019-05-22,122,4,44,45
2019-05-22,122,5A,44,95
2019-05-22,122,5B,28,59
2019-05-22,122,5C,2,2
2019-05-23,123,1,1,4
2019-05-23,123,2A,12,16
2019-05-23,123,2B,27,143
2019-05-23,123,3,24,213
2019-05-23,123,4,57,61
2019-05-23,123,5A,34,78
2019-05-23,123,5B,33,71
2019-05-23,123,5C,1,1
2019-05-24,124,1,3,8
2019-05-24,124,2A,18,26
2019-05-24,124,2B,38,119
2019-05-24,124,3,40,364
2019-05-24,124,4,39,42
2019-05-24,124,5A,25,45
2019-05-24,124,5B,17,21
2019-05-24,124,5C,1,1
2019-05-25,125,1,10,159
2019-05-25,125,2A,18,20
2019-05-25,125,2B,10,23
2019-05-25,125,3,20,79
2019-05-25,125,4,303,303
2019-05-25,125,5A,16,37
2019-05-25,125,5B,201,205
2019-05-25,125,5C,7,7
2019-05-27,126,1,5,156
2019-05-27,126,2A,16,19
2019-05-27,126,2B,17,53
2019-05-27,126,3,18,55
2019-05-27,126,4,147,157
2019-05-27,126,5A,66,112
2019-05-27,126,5B,57,58
2019-05-27,126,5C,18,18
2019-05-28,127,1,1,3
2019-05-28,127,2A,14,19
2019-05-28,127,2B,31,83
2019-05-28,127,3,13,59
2019-05-28,127,4,155,157
2019-05-28,127,5A,44,91
2019-05-28,127,5B,61,124
2019-05-28,127,5C,4,4
2019-05-29,128,1,6,51
2019-05-29,128,2A,15,54
2019-05-29,128,2B,24,203
2019-05-29,128,3,30,346
2019-05-29,128,4,65,70
2019-05-29,128,5A,50,98
2019-05-29,128,5B,22,27
2019-05-30,129,1,1,9
2019-05-30,129,2A,9,15
2019-05-30,129,2B,6,50
2019-05-30,129,3,29,254
2019-05-30,129,4,72,73
2019-05-30,129,5A,32,65
2019-05-30,129,5B,20,21
2019-05-30,129,5C,2,2
2019-05-31,130,1,2,7
2019-05-31,130,2A,12,21
2019-05-31,130,2B,29,166
2019-05-31,130,3,33,181
2019-05-31,130,4,32,35
2019-05-31,130,5A,30,68
2019-05-31,130,5B,17,22
2019-06-01,131,1,1,2
2019-06-01,131,2A,13,13
2019-06-01,131,2B,22,70
2019-06-01,131,3,18,159
2019-06-01,131,4,326,326
2019-06-01,131,5A,21,46
2019-06-01,131,5B,71,76
2019-06-01,131,5C,15,15
2019-06-03,132,2A,4,6
2019-06-03,132,2B,13,23
2019-06-03,132,3,24,190
2019-06-03,132,4,138,138
2019-06-03,132,5A,51,102
2019-06-03,132,5B,69,75
2019-06-03,132,5C,3,4
2019-06-04,133,1,1,1
2019-06-04,133,2A,9,22
2019-06-04,133,2B,42,136
2019-06-04,133,3,20,183
2019-06-04,133,4,120,122
2019-06-04,133,5A,41,106
2019-06-04,133,5B,16,24
2019-06-04,133,5C,2,2
2019-06-05,134,1,5,13
2019-06-05,134,2A,8,8
2019-06-05,134,2B,15,221
2019-06-05,134,3,14,163
2019-06-05,134,4,55,60
2019-06-05,134,5A,52,99
2019-06-05,134,5B,20,27
2019-06-05,134,5C,3,3
2019-06-06,135,1,2,47
2019-06-06,135,2A,16,27
2019-06-06,135,2B,18,131
2019-06-06,135,3,30,142
2019-06-06,135,4,66,68
2019-06-06,135,5A,53,171
2019-06-06,135,5B,25,41
2019-06-07,136,1,5,23
2019-06-07,136,2A,23,39
2019-06-07,136,2B,23,122
2019-06-07,136,3,30,191
2019-06-07,136,4,33,35
2019-06-07,136,5A,25,72
2019-06-07,136,5B,16,17
2019-06-07,136,5C,4,6
2019-06-08,137,1,10,147
2019-06-08,137,2A,5,9
2019-06-08,137,2B,9,9
2019-06-08,137,3,22,66
2019-06-08,137,4,326,326
2019-06-08,137,5A,26,61
2019-06-08,137,5B,79,80
2019-06-08,137,5C,8,9
2019-06-10,138,1,5,13
2019-06-10,138,2A,6,6
2019-06-10,138,2B,29,349
2019-06-10,138,3,43,294
2019-06-10,138,4,164,165
2019-06-10,138,5A,44,91
2019-06-10,138,5B,34,43
2019-06-10,138,5C,18,19
2019-06-10,138,T,12,219
2019-06-11,139,1,3,84
2019-06-11,139,2A,14,20
2019-06-11,139,2B,18,128
2019-06-11,139,3,19,146
2019-06-11,139,4,162,168
2019-06-11,139,5A,47,95
2019-06-11,139,5B,40,49
2019-06-11,139,5C,8,9
2019-06-12,140,1,10,133
2019-06-12,140,2A,27,38
2019-06-12,140,2B,21,103
2019-06-12,140,3,26,148
2019-06-12,140,4,51,51
2019-06-12,140,5A,69,141
2019-06-12,140,5B,16,19
2019-06-12,140,5C,1,1
2019-06-13,141,1,12,138
2019-06-13,141,2A,29,34
2019-06-13,141,2B,18,40
2019-06-13,141,3,37,257
2019-06-13,141,4,51,55
2019-06-13,141,5A,47,95
2019-06-13,141,5B,16,22
2019-06-13,141,5C,1,1
2019-06-14,142,1,1,2
2019-06-14,142,2A,14,20
2019-06-14,142,2B,33,88
2019-06-14,142,3,29,270
2019-06-14,142,4,38,42
2019-06-14,142,5A,28,54
2019-06-14,142,5B,16,20
2019-06-15,143,1,1,2
2019-06-15,143,2A,16,19
2019-06-15,143,2B,29,72
2019-06-15,143,3,33,265
2019-06-15,143,4,310,311
2019-06-15,143,5A,22,43
2019-06-15,143,5B,97,98
2019-06-15,143,5C,13,13
2019-06-17,144,1,1,3
2019-06-17,144,2A,15,26
2019-06-17,144,2B,34,166
2019-06-17,144,3,52,169
2019-06-17,144,4,142,148
2019-06-17,144,5A,56,116
2019-06-17,144,5B,34,63
2019-06-17,144,5C,5,5
2019-06-18,145,1,1,1013
2019-06-18,145,2A,13,17
2019-06-18,145,2B,16,166
2019-06-18,145,3,12,159
2019-06-18,145,4,148,159
2019-06-18,145,5A,45,94
2019-06-18,145,5B,32,44
2019-06-18,145,5C,7,7
2019-06-19,146,1,1,1
2019-06-19,146,2A,20,31
2019-06-19,146,2B,6,15
2019-06-19,146,3,43,650
2019-06-19,146,4,54,73
2019-06-19,146,5A,45,95
2019-06-19,146,5B,26,31
2019-06-19,146,5C,4,6
2019-06-20,147,2A,19,39
2019-06-20,147,2B,34,287
2019-06-20,147,3,15,96
2019-06-20,147,4,49,55
2019-06-20,147,5A,32,89
2019-06-20,147,5B,41,59
2019-06-20,147,5C,1,1
2019-06-21,148,1,7,8
2019-06-21,148,2A,10,15
2019-06-21,148,2B,20,63
2019-06-21,148,3,68,870
2019-06-21,148,4,32,33
2019-06-21,148,5A,43,79
2019-06-21,148,5B,16,19
2019-06-22,149,1,5,15
2019-06-22,149,2A,12,54
2019-06-22,149,2B,7,16
2019-06-22,149,3,6,21
2019-06-22,149,4,313,315
2019-06-22,149,5A,25,49
2019-06-22,149,5B,84,90
2019-06-22,149,5C,14,14
2019-06-24,150,1,2,3
2019-06-24,150,2A,7,70
2019-06-24,150,2B,9,22
2019-06-24,150,3,41,373
2019-06-24,150,4,159,163
2019-06-24,150,5A,68,153
2019-06-24,150,5B,33,39
2019-06-24,150,5C,17,17
2019-06-25,151,1,3,102
2019-06-25,151,2A,8,47
2019-06-25,151,2B,3,5
2019-06-25,151,3,11,165
2019-06-25,151,4,147,149
2019-06-25,151,5A,40,79
2019-06-25,151,5B,21,23
2019-06-25,151,5C,2,2
2019-06-25,151,T,13,166
2019-06-26,152,1,2,322
2019-06-26,152,2A,10,14
2019-06-26,152,2B,16,161
2019-06-26,152,3,17,406
2019-06-26,152,4,36,39
2019-06-26,152,5A,49,137
2019-06-26,152,5B,26,33
2019-06-27,153,1,3,7
2019-06-27,153,2A,8,10
2019-06-27,153,2B,12,41
2019-06-27,153,3,41,317
2019-06-27,153,4,38,39
2019-06-27,153,5A,44,118
2019-06-27,153,5B,19,28
2019-06-27,153,5C,1,1
2019-06-28,154,1,3,1085
2019-06-28,154,2A,9,15
2019-06-28,154,2B,25,100
2019-06-28,154,3,39,496
2019-06-28,154,4,24,24
2019-06-28,154,5A,25,45
2019-06-28,154,5B,18,19
2019-06-28,154,5C,2,3
2019-06-29,155,1,3,24
2019-06-29,155,2A,15,23
2019-06-29,155,2B,7,10
2019-06-29,155,3,5,29
2019-06-29,155,4,288,290
2019-06-29,155,5A,24,64
2019-06-29,155,5B,53,55
2019-06-29,155,5C,14,14
2019-07-01,156,1,1,23
2019-07-01,156,2A,13,26
2019-07-01,156,2B,41,115
2019-07-01,156,3,18,91
2019-07-01,156,4,151,153
2019-07-01,156,5A,55,114
2019-07-01,156,5B,27,31
2019-07-01,156,5C,2,2
2019-07-02,157,1,1,1
2019-07-02,157,2A,13,25
2019-07-02,157,2B,5,21
2019-07-02,157,3,41,300
2019-07-02,157,4,199,206
2019-07-02,157,5A,64,129
2019-07-02,157,5B,50,66
2019-07-02,157,5C,13,13
2019-07-03,158,1,3,3
2019-07-03,158,2A,8,15
2019-07-03,158,2B,11,41
2019-07-03,158,3,19,101
2019-07-03,158,4,44,48
2019-07-03,158,5A,69,132
2019-07-03,158,5B,27,71
2019-07-04,159,2A,13,31
2019-07-04,159,2B,15,54
2019-07-04,159,3,16,371
2019-07-04,159,4,53,60
2019-07-04,159,5A,59,140
2019-07-04,159,5B,31,47
2019-07-04,159,5C,1,1
2019-07-05,160,1,3,18
2019-07-05,160,2A,4,5
2019-07-05,160,2B,10,71
2019-07-05,160,3,26,532
2019-07-05,160,4,35,39
2019-07-05,160,5A,41,80
2019-07-05,160,5B,19,41
2019-07-05,160,5C,2,2
2019-07-06,161,1,2,7
2019-07-06,161,2A,12,19
2019-07-06,161,2B,12,86
2019-07-06,161,3,6,39
2019-07-06,161,4,227,227
2019-07-06,161,5A,28,68
2019-07-06,161,5B,82,88
2019-07-06,161,5C,6,6
2019-07-08,162,1,1,1
2019-07-08,162,2A,7,8
2019-07-08,162,2B,21,109
2019-07-08,162,3,9,41
2019-07-08,162,4,127,129
2019-07-08,162,5A,49,113
2019-07-08,162,5B,28,42
2019-07-08,162,5C,1,1
2019-07-08,162,T,3,42
2019-07-09,163,1,4,74
2019-07-09,163,2A,10,38
2019-07-09,163,2B,32,417
2019-07-09,163,3,38,599
2019-07-09,163,4,98,102
2019-07-09,163,5A,35,75
2019-07-09,163,5B,72,85
2019-07-09,163,5C,3,3
2019-07-10,164,1,5,7
2019-07-10,164,2A,8,13
2019-07-10,164,2B,10,98
2019-07-10,164,3,22,123
2019-07-10,164,4,41,42
2019-07-10,164,5A,59,109
2019-07-10,164,5B,33,42
2019-07-11,165,1,2,8
2019-07-11,165,2A,9,20
2019-07-11,165,2B,17,118
2019-07-11,165,3,32,294
2019-07-11,165,4,57,58
2019-07-11,165,5A,60,124
2019-07-11,165,5B,24,27
2019-07-11,165,5C,1,1
2019-07-12,166,1,3,7
2019-07-12,166,2A,23,25
2019-07-12,166,2B,17,50
2019-07-12,166,3,27,345
2019-07-12,166,4,34,36
2019-07-12,166,5A,24,69
2019-07-12,166,5B,9,10
2019-07-13,167,1,3,269
2019-07-13,167,2A,16,25
2019-07-13,167,2B,2,57
2019-07-13,167,3,8,185
2019-07-13,167,4,125,130
2019-07-13,167,5A,13,26
2019-07-13,167,5B,47,47
2019-07-13,167,5C,43,43
2019-07-15,168,1,4,16
2019-07-15,168,2A,17,65
2019-07-15,168,2B,19,82
2019-07-15,168,3,11,469
2019-07-15,168,4,82,85
2019-07-15,168,5A,40,84
2019-07-15,168,5B,41,47
2019-07-15,168,5C,5,5
2019-07-16,169,1,1,1
2019-07-16,169,2A,14,18
2019-07-16,169,2B,11,136
2019-07-16,169,3,23,433
2019-07-16,169,4,87,89
2019-07-16,169,5A,58,128
2019-07-16,169,5B,15,17
2019-07-16,169,5C,1,1
2019-07-17,170,1,1,8
2019-07-17,170,2A,21,35
2019-07-17,170,2B,7,10
2019-07-17,170,3,29,396
2019-07-17,170,4,57,59
2019-07-17,170,5A,54,97
2019-07-17,170,5B,23,78
2019-07-17,170,5C,1,1
2019-07-18,171,1,1,1
2019-07-18,171,2A,14,22
2019-07-18,171,2B,26,459
2019-07-18,171,3,8,220
2019-07-18,171,4,54,55
2019-07-18,171,5A,60,125
2019-07-18,171,5B,25,37
2019-07-18,171,5C,1,1
2019-07-19,172,1,7,214
2019-07-19,172,2A,8,20
2019-07-19,172,2B,22,116
2019-07-19,172,3,38,435
2019-07-19,172,4,34,34
2019-07-19,172,5A,28,56
2019-07-19,172,5B,13,28
2019-07-20,173,1,3,10
2019-07-20,173,2A,17,42
2019-07-20,173,2B,3,12
2019-07-20,173,3,15,167
2019-07-20,173,4,90,90
2019-07-20,173,5A,22,46
2019-07-20,173,5B,43,48
2019-07-20,173,5C,11,11
2019-07-22,174,1,1,2
2019-07-22,174,2A,20,27
2019-07-22,174,2B,5,25
2019-07-22,174,3,23,185
2019-07-22,174,4,75,75
2019-07-22,174,5A,35,71
2019-07-22,174,5B,22,30
2019-07-23,175,1,2,27
2019-07-23,175,2A,9,22
2019-07-23,175,2B,20,53
2019-07-23,175,3,23,444
2019-07-23,175,4,82,86
2019-07-23,175,5A,61,129
2019-07-23,175,5B,30,46
2019-07-23,175,5C,2,2
2019-07-24,176,1,1,3
2019-07-24,176,2A,8,73
2019-07-24,176,2B,10,57
2019-07-24,176,3,14,115
2019-07-24,176,4,53,54
2019-07-24,176,5A,81,196
2019-07-24,176,5B,25,43
2019-07-24,176,5C,3,3
2019-07-25,177,1,1,39
2019-07-25,177,2A,13,16
2019-07-25,177,2B,13,25
2019-07-25,177,3,38,719
2019-07-25,177,4,56,58
2019-07-25,177,5A,54,119
2019-07-25,177,5B,37,43
2019-07-25,177,T,9,250
2019-07-26,178,1,1,108
2019-07-26,178,2A,7,16
2019-07-26,178,2B,12,42
2019-07-26,178,3,55,424
2019-07-26,178,4,37,41
2019-07-26,178,5A,26,58
2019-07-26,178,5B,21,34
2019-07-27,179,1,5,7
2019-07-27,179,2A,17,19
2019-07-27,179,2B,1,1
2019-07-27,179,3,16,138
2019-07-27,179,4,93,93
2019-07-27,179,5A,21,49
2019-07-27,179,5B,142,146
2019-07-27,179,5C,8,8
2019-07-29,180,1,1,3
2019-07-29,180,2A,21,29
2019-07-29,180,2B,11,19
2019-07-29,180,3,64,648
2019-07-29,180,4,66,68
2019-07-29,180,5A,40,76
2019-07-29,180,5B,59,77
2019-07-29,180,5C,4,4
2019-07-30,181,1,2,9
2019-07-30,181,2A,20,60
2019-07-30,181,2B,12,24
2019-07-30,181,3,33,198
2019-07-30,181,4,55,55
2019-07-30,181,5A,43,98
2019-07-30,181,5B,33,38
2019-07-30,181,5C,7,7
2019-07-31,182,1,5,13
2019-07-31,182,2A,19,22
2019-07-31,182,2B,7,41
2019-07-31,182,3,21,256
2019-07-31,182,4,49,51
2019-07-31,182,5A,69,148
2019-07-31,182,5B,24,29
2019-07-31,182,5C,2,2
2019-08-01,183,1,1,18
2019-08-01,183,2A,23,39
2019-08-01,183,2B,27,53
2019-08-01,183,3,24,165
2019-08-01,183,4,60,61
2019-08-01,183,5A,52,126
2019-08-01,183,5B,21,24
2019-08-01,183,5C,1,1
2019-08-02,184,1,4,9
2019-08-02,184,2A,12,15
2019-08-02,184,2B,17,34
2019-08-02,184,3,43,906
2019-08-02,184,4,31,34
2019-08-02,184,5A,34,73
2019-08-02,184,5B,25,35
2019-08-03,185,1,8,71
2019-08-03,185,2A,16,17
2019-08-03,185,2B,10,73
2019-08-03,185,3,27,233
2019-08-03,185,4,75,76
2019-08-03,185,5A,20,40
2019-08-03,185,5B,45,46
2019-08-03,185,5C,23,23
2019-08-05,186,1,3,88
2019-08-05,186,2A,14,22
2019-08-05,186,2B,6,6
2019-08-05,186,3,39,157
2019-08-05,186,4,114,119
2019-08-05,186,5A,55,106
2019-08-05,186,5B,17,23
2019-08-05,186,5C,2,2
2019-08-06,187,1,3,18
2019-08-06,187,2A,12,14
2019-08-06,187,2B,10,29
2019-08-06,187,3,24,874
2019-08-06,187,4,24,27
2019-08-06,187,5A,51,166
2019-08-06,187,5B,19,27
2019-08-06,187,5C,1,1
2019-08-07,188,1,7,108
2019-08-07,188,2A,13,16
2019-08-07,188,2B,24,89
2019-08-07,188,3,31,696
2019-08-07,188,4,12,13
2019-08-07,188,5A,58,114
2019-08-07,188,5B,23,33
2019-08-07,188,5C,1,1
2019-08-08,189,1,3,10
2019-08-08,189,2A,18,185
2019-08-08,189,2B,14,109
2019-08-08,189,3,36,469
2019-08-08,189,4,11,11
2019-08-08,189,5A,37,82
2019-08-08,189,5B,28,36
2019-08-08,189,5C,3,3
2019-08-09,190,1,2,115
2019-08-09,190,2A,16,25
2019-08-09,190,2B,13,28
2019-08-09,190,3,49,494
2019-08-09,190,4,8,8
2019-08-09,190,5A,32,67
2019-08-09,190,5B,21,43
2019-08-10,191,2A,6,6
2019-08-10,191,2B,4,4
2019-08-10,191,3,30,341
2019-08-10,191,4,17,17
2019-08-10,191,5A,16,32
2019-08-10,191,5B,71,80
2019-08-10,191,5C,3,3
2019-08-12,192,1,1,8
2019-08-12,192,2A,15,24
2019-08-12,192,2B,7,19
2019-08-12,192,3,41,622
2019-08-12,192,4,13,14
2019-08-12,192,5A,42,83
2019-08-12,192,5B,24,35
2019-08-12,192,5C,4,4
2019-08-12,192,T,14,356
2019-08-13,193,1,1,4
2019-08-13,193,2A,16,42
2019-08-13,193,2B,8,33
2019-08-13,193,3,105,811
2019-08-13,193,4,15,18
2019-08-13,193,5A,49,106
2019-08-13,193,5B,12,22
2019-08-13,193,5C,5,5
2019-08-14,194,2A,6,9
2019-08-14,194,2B,4,4
2019-08-14,194,3,40,543
2019-08-14,194,4,6,6
2019-08-14,194,5A,40,87
2019-08-14,194,5B,15,17
2019-08-15,195,2A,12,83
2019-08-15,195,2B,9,20
2019-08-15,195,3,6,205
2019-08-15,195,5B,1,1
2019-08-16,196,1,3,227
2019-08-16,196,2A,24,24
2019-08-16,196,2B,5,5
2019-08-16,196,3,12,343
2019-08-16,196,4,6,6
2019-08-16,196,5A,23,50
2019-08-16,196,5B,5,7
2019-08-17,197,2A,20,22
2019-08-17,197,2B,7,7
2019-08-17,197,3,8,336
2019-08-17,197,4,108,108
2019-08-17,197,5A,17,36
2019-08-17,197,5B,4,4
2019-08-17,197,5C,3,3
2019-08-19,198,1,1,3
2019-08-19,198,2A,20,25
2019-08-19,198,2B,16,19
2019-08-19,198,3,33,389
2019-08-19,198,4,8,8
2019-08-19,198,5A,30,64
2019-08-19,198,5B,7,13
2019-08-19,198,5C,2,2
2019-08-20,199,2A,15,19
2019-08-20,199,2B,10,10
2019-08-20,199,3,16,504
2019-08-20,199,4,37,37
2019-08-20,199,5A,42,93
2019-08-20,199,5B,13,15
2019-08-20,199,5C,1,1
2019-08-21,200,2A,19,29
2019-08-21,200,2B,13,13
2019-08-21,200,3,25,104
2019-08-21,200,4,4,4
2019-08-21,200,5A,31,73
2019-08-21,200,5B,3,6
2019-08-22,201,1,1,3
2019-08-22,201,2A,10,11
2019-08-22,201,2B,12,65
2019-08-22,201,3,21,183
2019-08-22,201,4,4,4
2019-08-22,201,5A,21,48
2019-08-22,201,5B,9,56
2019-08-23,202,1,1,3
2019-08-23,202,2A,14,14
2019-08-23,202,2B,7,38
2019-08-23,202,3,2,17
2019-08-23,202,4,2,2
2019-08-23,202,5A,28,40
2019-08-23,202,5B,3,3
2019-08-24,203,1,2,9
2019-08-24,203,2B,1,5
2019-08-24,203,3,11,53
2019-08-24,203,4,56,56
2019-08-24,203,5A,27,43
2019-08-24,203,5B,5,5
2019-08-24,203,5C,20,20
2019-08-26,204,1,1,6
2019-08-26,204,2A,6,6
2019-08-26,204,2B,7,142
2019-08-26,204,3,6,28
2019-08-26,204,4,22,22
2019-08-26,204,5A,34,60
2019-08-26,204,5B,6,6
2019-08-27,205,1,2,8
2019-08-27,205,2A,4,4
2019-08-27,205,2B,8,8
2019-08-27,205,3,9,64
2019-08-27,205,4,18,20
2019-08-27,205,5A,18,50
2019-08-27,205,5B,71,72
2019-08-28,206,1,1,3
2019-08-28,206,2A,2,4
2019-08-28,206,2B,6,10
2019-08-28,206,3,28,219
2019-08-28,206,4,6,7
2019-08-28,206,5A,31,63
2019-08-28,206,5B,5,8
2019-08-29,207,2A,2,2
2019-08-29,207,2B,3,3
2019-08-29,207,3,14,213
2019-08-29,207,4,4,4
2019-08-29,207,5A,31,75
2019-08-29,207,5B,3,3
2019-08-30,208,2A,5,8
2019-08-30,208,2B,3,4
2019-08-30,208,3,8,178
2019-08-30,208,4,1,1
2019-08-30,208,5A,15,33
2019-08-30,208,5B,8,13
2019-08-31,209,1,1,6
2019-08-31,209,2A,8,8
2019-08-31,209,2B,9,56
2019-08-31,209,3,8,30
2019-08-31,209,4,81,81
2019-08-31,209,5A,11,32
2019-08-31,209,5B,133,133
2019-08-31,209,5C,3,3
2019-09-02,210,2A,15,18
2019-09-02,210,2B,24,155
2019-09-02,210,3,7,58
2019-09-02,210,4,15,15
2019-09-02,210,5A,29,64
2019-09-02,210,5B,69,70
2019-09-02,210,5C,1,1
2019-09-03,211,1,2,5
2019-09-03,211,2A,26,73
2019-09-03,211,2B,16,34
2019-09-03,211,3,23,286
2019-09-03,211,4,37,37
2019-09-03,211,5A,23,57
2019-09-03,211,5B,10,15
2019-09-03,211,5C,2,2
2019-09-04,212,1,1,5
2019-09-04,212,2A,17,17
2019-09-04,212,2B,4,23
2019-09-04,212,3,24,185
2019-09-04,212,4,5,5
2019-09-04,212,5A,32,66
2019-09-04,212,5B,8,12
2019-09-05,213,2A,9,16
2019-09-05,213,2B,21,86
2019-09-05,213,3,17,317
2019-09-05,213,4,30,30
2019-09-05,213,5A,24,44
2019-09-05,213,5B,13,30
2019-09-06,214,1,2,7
2019-09-06,214,2A,8,17
2019-09-06,214,2B,15,36
2019-09-06,214,3,43,288
2019-09-06,214,4,19,21
2019-09-06,214,5A,26,72
2019-09-06,214,5B,6,6
2019-09-07,215,1,8,53
2019-09-07,215,2A,1,1
2019-09-07,215,2B,8,33
2019-09-07,215,3,7,168
2019-09-07,215,4,416,465
2019-09-07,215,5A,16,31
2019-09-07,215,5B,115,115
2019-09-07,215,5C,11,11
2019-09-09,216,2A,4,4
2019-09-09,216,2B,17,622
2019-09-09,216,3,18,207
2019-09-09,216,4,144,146
2019-09-09,216,5A,32,68
2019-09-09,216,5B,26,33
2019-09-09,216,5C,5,5
2019-09-10,217,1,1,14
2019-09-10,217,2A,7,18
2019-09-10,217,2B,16,55
2019-09-10,217,3,19,97
2019-09-10,217,4,140,142
2019-09-10,217,5A,44,99
2019-09-10,217,5B,70,72
2019-09-10,217,5C,2,2
2019-09-11,218,1,3,10
2019-09-11,218,2A,1,1
2019-09-11,218,2B,6,8
2019-09-11,218,3,15,808
2019-09-11,218,4,38,39
2019-09-11,218,5A,42,93
2019-09-11,218,5B,11,12
2019-09-11,218,5C,2,2
2019-09-12,219,1,1,99
2019-09-12,219,2A,5,6
2019-09-12,219,2B,15,92
2019-09-12,219,3,31,175
2019-09-12,219,4,50,53
2019-09-12,219,5A,33,78
2019-09-12,219,5B,15,27
2019-09-13,220,1,3,90
2019-09-13,220,2A,6,6
2019-09-13,220,2B,9,29
2019-09-13,220,3,23,172
2019-09-13,220,4,39,40
2019-09-13,220,5A,39,75
2019-09-13,220,5B,17,23
2019-09-14,221,1,10,163
2019-09-14,221,2A,12,15
2019-09-14,221,2B,5,5
2019-09-14,221,3,16,229
2019-09-14,221,4,336,337
2019-09-14,221,5A,16,31
2019-09-14,221,5B,150,153
2019-09-14,221,5C,14,14
2019-09-16,222,1,3,6
2019-09-16,222,2A,12,23
2019-09-16,222,2B,43,453
2019-09-16,222,3,36,400
2019-09-16,222,4,94,97
2019-09-16,222,5A,40,90
2019-09-16,222,5B,47,51
2019-09-16,222,5C,1,1
2019-09-17,223,1,1,5
2019-09-17,223,2A,8,13
2019-09-17,223,2B,17,49
2019-09-17,223,3,13,892
2019-09-17,223,4,119,127
2019-09-17,223,5A,56,110
2019-09-17,223,5B,135,150
2019-09-17,223,5C,6,6
2019-09-18,224,1,2,7
2019-09-18,224,2A,18,50
2019-09-18,224,2B,8,39
2019-09-18,224,3,17,62
2019-09-18,224,4,39,42
2019-09-18,224,5A,30,54
2019-09-18,224,5B,27,33
2019-09-19,225,1,3,880
2019-09-19,225,2A,7,14
2019-09-19,225,2B,8,11
2019-09-19,225,3,25,304
2019-09-19,225,4,54,56
2019-09-19,225,5A,62,125
2019-09-19,225,5B,25,31
2019-09-19,225,5C,5,8
2019-09-20,226,1,1,1
2019-09-20,226,2A,8,10
2019-09-20,226,2B,13,135
2019-09-20,226,3,34,651
2019-09-20,226,4,25,25
2019-09-20,226,5A,32,65
2019-09-20,226,5B,17,22
2019-09-21,227,1,4,43
2019-09-21,227,2A,20,22
2019-09-21,227,2B,3,10
2019-09-21,227,3,5,625
2019-09-21,227,4,300,303
2019-09-21,227,5A,22,43
2019-09-21,227,5B,110,122
2019-09-21,227,5C,9,9
2019-09-23,228,1,1,2
2019-09-23,228,2A,9,18
2019-09-23,228,2B,11,41
2019-09-23,228,3,51,218
2019-09-23,228,4,125,129
2019-09-23,228,5A,32,71
2019-09-23,228,5B,22,24
2019-09-23,228,5C,3,3
2019-09-24,229,1,7,218
2019-09-24,229,2A,3,3
2019-09-24,229,2B,14,99
2019-09-24,229,3,21,98
2019-09-24,229,4,152,153
2019-09-24,229,5A,39,88
2019-09-24,229,5B,25,33
2019-09-24,229,5C,6,6
2019-09-24,230,1,1,3
2019-09-25,231,1,9,17
2019-09-25,231,2A,6,7
2019-09-25,231,2B,12,12
2019-09-25,231,3,46,403
2019-09-25,231,4,56,57
2019-09-25,231,5A,47,159
2019-09-25,231,5B,33,43
2019-09-26,232,1,4,19
2019-09-26,232,2A,8,11
2019-09-26,232,2B,19,119
2019-09-26,232,3,41,383
2019-09-26,232,4,59,63
2019-09-26,232,5A,52,105
2019-09-26,232,5B,27,33
2019-09-27,233,1,4,7
2019-09-27,233,2A,17,32
2019-09-27,233,2B,24,50
2019-09-27,233,3,35,288
2019-09-27,233,4,30,31
2019-09-27,233,5A,30,73
2019-09-27,233,5B,14,17
2019-09-28,234,1,8,73
2019-09-28,234,2A,17,17
2019-09-28,234,2B,8,18
2019-09-28,234,3,16,130
2019-09-28,234,4,232,232
2019-09-28,234,5A,34,73
2019-09-28,234,5B,101,110
2019-09-28,234,5C,18,18
2019-09-30,235,1,2,3
2019-09-30,235,2A,8,10
2019-09-30,235,2B,17,152
2019-09-30,235,3,41,801
2019-09-30,235,4,125,129
2019-09-30,235,5A,50,112
2019-09-30,235,5B,36,39
2019-09-30,235,5C,12,12
2019-10-01,236,1,2,4
2019-10-01,236,2A,6,9
2019-10-01,236,2B,46,162
2019-10-01,236,3,63,630
2019-10-01,236,4,114,116
2019-10-01,236,5A,41,84
2019-10-01,236,5B,43,52
2019-10-01,236,5C,11,11
2019-10-02,237,1,3,7
2019-10-02,237,2A,5,23
2019-10-02,237,2B,8,37
2019-10-02,237,3,34,264
2019-10-02,237,4,66,69
2019-10-02,237,5A,48,97
2019-10-02,237,5B,9,9
2019-10-03,238,1,3,27
2019-10-03,238,2A,21,53
2019-10-03,238,2B,21,52
2019-10-03,238,3,52,493
2019-10-03,238,4,61,62
2019-10-03,238,5A,43,87
2019-10-03,238,5B,33,43
2019-10-04,239,1,2,5
2019-10-04,239,2A,9,12
2019-10-04,239,2B,13,15
2019-10-04,239,3,58,304
2019-10-04,239,4,43,45
2019-10-04,239,5A,30,65
2019-10-04,239,5B,15,20
2019-10-05,240,1,2,27
2019-10-05,240,2A,16,17
2019-10-05,240,2B,7,11
2019-10-05,240,3,14,103
2019-10-05,240,4,303,307
2019-10-05,240,5A,24,47
2019-10-05,240,5B,98,99
2019-10-05,240,5C,2,2
2019-10-07,241,2A,19,21
2019-10-07,241,2B,14,70
2019-10-07,241,3,15,108
2019-10-07,241,4,131,133
2019-10-07,241,5A,49,100
2019-10-07,241,5B,37,44
2019-10-07,241,5C,2,2
2019-10-08,242,1,2,7
2019-10-08,242,2A,6,9
2019-10-08,242,2B,13,29
2019-10-08,242,3,66,394
2019-10-08,242,4,152,156
2019-10-08,242,5A,38,76
2019-10-08,242,5B,37,41
2019-10-08,242,5C,5,5
2019-10-09,243,1,5,18
2019-10-09,243,2A,20,21
2019-10-09,243,2B,4,71
2019-10-09,243,3,31,522
2019-10-09,243,4,71,77
2019-10-09,243,5A,64,123
2019-10-09,243,5B,16,19
2019-10-10,244,1,2,13
2019-10-10,244,2A,14,42
2019-10-10,244,2B,12,36
2019-10-10,244,3,43,417
2019-10-10,244,4,83,88
2019-10-10,244,5A,53,106
2019-10-10,244,5B,31,37
2019-10-11,245,1,4,24
2019-10-11,245,2A,21,23
2019-10-11,245,2B,10,68
2019-10-11,245,3,47,624
2019-10-11,245,4,40,44
2019-10-11,245,5A,14,26
2019-10-11,245,5B,13,15
2019-10-11,245,5C,2,2
2019-10-12,246,1,8,40
2019-10-12,246,2A,6,8
2019-10-12,246,2B,3,8
2019-10-12,246,3,42,140
2019-10-12,246,4,280,282
2019-10-12,246,5A,20,49
2019-10-12,246,5B,86,89
2019-10-12,246,5C,7,7
2019-10-14,247,1,2,4
2019-10-14,247,2A,10,11
2019-10-14,247,2B,8,62
2019-10-14,247,3,9,49
2019-10-14,247,4,112,112
2019-10-14,247,5A,33,62
2019-10-14,247,5B,52,52
2019-10-14,247,5C,3,3
2019-10-14,247,T,6,99
2019-10-15,248,1,5,30
2019-10-15,248,2A,23,25
2019-10-15,248,2B,34,171
2019-10-15,248,3,12,475
2019-10-15,248,4,140,148
2019-10-15,248,5A,39,94
2019-10-15,248,5B,43,55
2019-10-15,248,5C,12,12
2019-10-16,249,1,1,14
2019-10-16,249,2A,18,18
2019-10-16,249,2B,11,86
2019-10-16,249,3,26,115
2019-10-16,249,4,54,54
2019-10-16,249,5A,53,125
2019-10-16,249,5B,30,42
2019-10-17,250,1,4,8
2019-10-17,250,2A,16,18
2019-10-17,250,2B,13,166
2019-10-17,250,3,19,198
2019-10-17,250,4,56,56
2019-10-17,250,5A,58,115
2019-10-17,250,5B,24,33
2019-10-17,250,5C,1,1
2019-10-18,251,1,3,11
2019-10-18,251,2A,23,26
2019-10-18,251,2B,23,83
2019-10-18,251,3,48,659
2019-10-18,251,4,33,35
2019-10-18,251,5A,32,74
2019-10-18,251,5B,18,42
2019-10-19,252,1,7,32
2019-10-19,252,2A,12,32
2019-10-19,252,2B,5,5
2019-10-19,252,3,17,84
2019-10-19,252,4,255,255
2019-10-19,252,5A,20,41
2019-10-19,252,5B,64,64
2019-10-19,252,5C,24,24
2019-10-21,253,1,2,257
2019-10-21,253,2A,29,42
2019-10-21,253,2B,11,114
2019-10-21,253,3,6,32
2019-10-21,253,4,122,124
2019-10-21,253,5A,44,93
2019-10-21,253,5B,58,65
2019-10-21,253,5C,5,6
2019-10-22,254,1,1,7
2019-10-22,254,2A,17,34
2019-10-22,254,2B,14,102
2019-10-22,254,3,38,229
2019-10-22,254,4,177,178
2019-10-22,254,5A,28,65
2019-10-22,254,5B,35,46
2019-10-22,254,5C,3,3
2019-10-23,255,1,1,22
2019-10-23,255,2A,6,6
2019-10-23,255,2B,18,77
2019-10-23,255,3,34,509
2019-10-23,255,4,52,53
2019-10-23,255,5A,59,127
2019-10-23,255,5B,13,19
2019-10-23,255,5C,1,1
2019-10-24,256,1,5,347
2019-10-24,256,2A,18,33
2019-10-24,256,2B,16,27
2019-10-24,256,3,44,594
2019-10-24,256,4,82,84
2019-10-24,256,5A,48,99
2019-10-24,256,5B,21,28
2019-10-25,257,1,4,64
2019-10-25,257,2A,31,59
2019-10-25,257,2B,26,145
2019-10-25,257,3,32,570
2019-10-25,257,4,36,38
2019-10-25,257,5A,40,80
2019-10-25,257,5B,15,15
2019-10-26,258,1,8,91
2019-10-26,258,2A,12,27
2019-10-26,258,2B,4,15
2019-10-26,258,3,20,472
2019-10-26,258,4,251,251
2019-10-26,258,5A,13,24
2019-10-26,258,5B,140,143
2019-10-26,258,5C,2,2
2019-10-28,259,2A,18,19
2019-10-28,259,2B,13,26
2019-10-28,259,3,9,546
2019-10-28,259,4,123,125
2019-10-28,259,5A,39,77
2019-10-28,259,5B,19,22
2019-10-28,259,5C,3,3
2019-10-29,260,1,3,3
2019-10-29,260,2A,7,30
2019-10-29,260,2B,6,32
2019-10-29,260,3,16,122
2019-10-29,260,4,145,148
2019-10-29,260,5A,45,86
2019-10-29,260,5B,45,47
2019-10-29,260,5C,3,3
2019-10-30,261,1,3,65
2019-10-30,261,2A,10,39
2019-10-30,261,2B,12,57
2019-10-30,261,3,59,696
2019-10-30,261,4,69,70
2019-10-30,261,5A,42,101
2019-10-30,261,5B,26,33
2019-10-30,261,5C,2,2
2019-10-31,262,1,4,43
2019-10-31,262,2A,14,14
2019-10-31,262,2B,16,24
2019-10-31,262,3,39,182
2019-10-31,262,4,71,72
2019-10-31,262,5A,58,139
2019-10-31,262,5B,17,18
2019-10-31,262,5C,1,1
2019-10-31,262,T,7,115
2019-11-01,263,1,3,17
2019-11-01,263,2A,3,4
2019-11-01,263,2B,34,148
2019-11-01,263,3,4,19
2019-11-01,263,5A,1,2
2019-11-02,264,1,4,16
2019-11-02,264,2A,5,5
2019-11-02,264,2B,4,20
2019-11-02,264,3,1,3
2019-11-02,264,4,170,170
2019-11-02,264,5B,48,48
2019-11-04,265,2A,15,23
2019-11-04,265,2B,15,150
2019-11-04,265,3,21,158
2019-11-04,265,4,183,186
2019-11-04,265,5A,84,202
2019-11-04,265,5B,44,54
2019-11-04,265,5C,11,11
2019-11-05,266,1,3,22
2019-11-05,266,2A,18,68
2019-11-05,266,2B,17,120
2019-11-05,266,3,23,131
2019-11-05,266,4,132,133
2019-11-05,266,5A,52,106
2019-11-05,266,5B,78,85
2019-11-05,266,5C,15,15
2019-11-06,267,1,9,23
2019-11-06,267,2A,9,12
2019-11-06,267,2B,6,18
2019-11-06,267,3,15,365
2019-11-06,267,4,61,62
2019-11-06,267,5A,48,126
2019-11-06,267,5B,18,19
2019-11-06,267,5C,1,1
2019-11-07,268,1,1,15
2019-11-07,268,2A,20,25
2019-11-07,268,2B,13,173
2019-11-07,268,3,48,387
2019-11-07,268,4,59,64
2019-11-07,268,5A,68,149
2019-11-07,268,5B,20,22
2019-11-08,269,1,2,21
2019-11-08,269,2A,35,76
2019-11-08,269,2B,22,31
2019-11-08,269,3,42,370
2019-11-08,269,4,36,37
2019-11-08,269,5A,42,96
2019-11-08,269,5B,20,29
2019-11-09,270,1,2,60
2019-11-09,270,2A,5,7
2019-11-09,270,2B,2,7
2019-11-09,270,3,6,91
2019-11-09,270,4,259,259
2019-11-09,270,5A,38,82
2019-11-09,270,5B,100,100
2019-11-09,270,5C,8,8
2019-11-11,271,1,4,21
2019-11-11,271,2A,16,18
2019-11-11,271,2B,13,34
2019-11-11,271,3,25,55
2019-11-11,271,4,137,139
2019-11-11,271,5A,48,103
2019-11-11,271,5B,29,33
2019-11-11,271,5C,2,2
2019-11-12,272,1,2,6
2019-11-12,272,2A,14,18
2019-11-12,272,2B,23,139
2019-11-12,272,3,37,377
2019-11-12,272,4,174,177
2019-11-12,272,5A,70,150
2019-11-12,272,5B,38,41
2019-11-12,272,5C,22,22
2019-11-13,273,1,4,14
2019-11-13,273,2A,14,19
2019-11-13,273,2B,27,42
2019-11-13,273,3,63,1177
2019-11-13,273,4,74,82
2019-11-13,273,5A,64,135
2019-11-13,273,5B,23,29
2019-11-14,274,1,1,5
2019-11-14,274,2A,25,55
2019-11-14,274,2B,17,38
2019-11-14,274,3,49,406
2019-11-14,274,4,73,75
2019-11-14,274,5A,65,142
2019-11-14,274,5B,31,96
2019-11-14,274,5C,1,1
2019-11-15,275,1,2,3
2019-11-15,275,2A,14,16
2019-11-15,275,2B,41,136
2019-11-15,275,3,15,97
2019-11-15,275,4,51,51
2019-11-15,275,5A,44,104
2019-11-15,275,5B,7,13
2019-11-16,276,1,1,3
2019-11-16,276,2A,9,9
2019-11-16,276,2B,7,90
2019-11-16,276,3,8,89
2019-11-16,276,4,283,285
2019-11-16,276,5A,24,51
2019-11-16,276,5B,126,128
2019-11-16,276,5C,15,15
2019-11-18,277,1,3,7
2019-11-18,277,2A,10,13
2019-11-18,277,2B,19,188
2019-11-18,277,3,11,431
2019-11-18,277,4,154,161
2019-11-18,277,5A,59,135
2019-11-18,277,5B,69,83
2019-11-18,277,5C,4,4
2019-11-19,278,1,13,90
2019-11-19,278,2A,8,8
2019-11-19,278,2B,16,62
2019-11-19,278,3,36,234
2019-11-19,278,4,179,181
2019-11-19,278,5A,54,103
2019-11-19,278,5B,40,58
2019-11-19,278,5C,7,7
2019-11-20,279,1,5,58
2019-11-20,279,2A,29,53
2019-11-20,279,2B,12,24
2019-11-20,279,3,42,243
2019-11-20,279,4,45,47
2019-11-20,279,5A,56,108
2019-11-20,279,5B,25,46
2019-11-20,279,5C,2,2
2019-11-20,279,T,5,93
2019-11-21,280,1,1,5
2019-11-21,280,2A,8,66
2019-11-21,280,2B,14,52
2019-11-21,280,3,35,350
2019-11-21,280,4,88,91
2019-11-21,280,5A,41,84
2019-11-21,280,5B,31,40
2019-11-22,281,1,1,20
2019-11-22,281,2A,14,20
2019-11-22,281,2B,18,31
2019-11-22,281,3,43,589
2019-11-22,281,4,48,49
2019-11-22,281,5A,28,54
2019-11-22,281,5B,9,11
2019-11-22,281,5C,1,1
2019-11-23,282,1,9,72
2019-11-23,282,2A,7,10
2019-11-23,282,2B,6,65
2019-11-23,282,3,5,17
2019-11-23,282,4,300,302
2019-11-23,282,5A,26,56
2019-11-23,282,5B,124,127
2019-11-23,282,5C,8,8
2019-11-25,283,1,4,33
2019-11-25,283,2A,14,17
2019-11-25,283,2B,18,73
2019-11-25,283,3,23,88
2019-11-25,283,4,181,181
2019-11-25,283,5A,55,124
2019-11-25,283,5B,50,53
2019-11-25,283,5C,8,8
2019-11-26,284,1,4,22
2019-11-26,284,2A,22,27
2019-11-26,284,2B,16,88
2019-11-26,284,3,33,261
2019-11-26,284,4,185,186
2019-11-26,284,5A,47,86
2019-11-26,284,5B,63,64
2019-11-26,284,5C,3,3
2019-11-27,285,1,2,7
2019-11-27,285,2A,14,16
2019-11-27,285,2B,12,52
2019-11-27,285,3,42,775
2019-11-27,285,4,40,40
2019-11-27,285,5A,58,110
2019-11-27,285,5B,26,30
2019-11-27,285,5C,2,4
2019-11-28,286,1,6,19
2019-11-28,286,2A,12,20
2019-11-28,286,2B,24,70
2019-11-28,286,3,50,406
2019-11-28,286,4,64,66
2019-11-28,286,5A,38,80
2019-11-28,286,5B,27,37
2019-11-29,287,2A,23,36
2019-11-29,287,2B,22,101
2019-11-29,287,3,21,109
2019-11-29,287,4,46,47
2019-11-29,287,5A,31,68
2019-11-29,287,5B,14,17
2019-11-30,288,1,8,107
2019-11-30,288,2A,9,32
2019-11-30,288,2B,6,8
2019-11-30,288,3,12,105
2019-11-30,288,4,236,237
2019-11-30,288,5A,27,55
2019-11-30,288,5B,38,38
2019-11-30,288,5C,8,8
2019-12-02,289,1,2,34
2019-12-02,289,2A,14,15
2019-12-02,289,2B,36,103
2019-12-02,289,3,8,98
2019-12-02,289,4,126,134
2019-12-02,289,5A,67,137
2019-12-02,289,5B,30,173
2019-12-02,289,5C,4,4
2019-12-03,290,1,3,22
2019-12-03,290,2A,18,57
2019-12-03,290,2B,21,39
2019-12-03,290,3,76,494
2019-12-03,290,4,154,162
2019-12-03,290,5A,56,109
2019-12-03,290,5B,52,70
2019-12-03,290,5C,13,13
2019-12-04,291,1,5,7
2019-12-04,291,2A,13,17
2019-12-04,291,2B,19,147
2019-12-04,291,3,29,338
2019-12-04,291,4,51,54
2019-12-04,291,5A,64,129
2019-12-04,291,5B,34,44
2019-12-04,291,5C,1,1
2019-12-05,292,2A,25,29
2019-12-05,292,2B,6,45
2019-12-05,292,3,47,362
2019-12-05,292,4,69,73
2019-12-05,292,5A,65,128
2019-12-05,292,5B,27,30
2019-12-05,292,5C,2,2
2019-12-06,293,1,4,34
2019-12-06,293,2A,8,9
2019-12-06,293,2B,6,35
2019-12-06,293,3,6,18
2019-12-06,293,5A,1,1
2019-12-06,293,5C,1,1
2019-12-06,293,T,10,113
2019-12-07,294,2A,1,1
2019-12-07,294,2B,3,4
2019-12-07,294,3,6,56
2019-12-07,294,4,98,98
2019-12-07,294,5B,98,98
2019-12-07,294,5C,2,2
2019-12-09,295,2A,15,39
2019-12-09,295,2B,18,68
2019-12-09,295,3,9,94
2019-12-09,295,4,2,2
2019-12-09,295,5B,1,2
2019-12-10,296,1,2,4
2019-12-10,296,2A,16,22
2019-12-10,296,2B,11,71
2019-12-10,296,3,34,167
2019-12-10,296,4,103,108
2019-12-10,296,5A,60,124
2019-12-10,296,5B,14,19
2019-12-10,296,5C,7,7
2019-12-11,297,1,5,22
2019-12-11,297,2A,13,15
2019-12-11,297,2B,10,60
2019-12-11,297,3,7,31
2019-12-11,297,4,68,69
2019-12-11,297,5A,64,134
2019-12-11,297,5B,38,116
2019-12-12,298,1,3,13
2019-12-12,298,2A,21,27
2019-12-12,298,2B,14,142
2019-12-12,298,3,9,43
2019-12-12,298,4,46,50
2019-12-12,298,5A,48,95
2019-12-12,298,5B,24,89
2019-12-13,299,1,2,25
2019-12-13,299,2A,13,14
2019-12-13,299,2B,14,24
2019-12-13,299,3,54,305
2019-12-13,299,4,50,50
2019-12-13,299,5A,45,88
2019-12-13,299,5B,21,71
2019-12-13,299,5C,1,1
2019-12-14,300,1,2,4
2019-12-14,300,2A,5,5
2019-12-14,300,2B,9,73
2019-12-14,300,3,14,173
2019-12-14,300,4,349,352
2019-12-14,300,5A,24,50
2019-12-14,300,5B,222,225
2019-12-14,300,5C,8,8
2019-12-16,301,1,2,101
2019-12-16,301,2A,9,9
2019-12-16,301,2B,28,94
2019-12-16,301,3,26,162
2019-12-16,301,4,168,169
2019-12-16,301,5A,67,140
2019-12-16,301,5B,19,24
2019-12-16,301,5C,5,6
2019-12-17,302,1,5,26
2019-12-17,302,2A,7,12
2019-12-17,302,2B,21,118
2019-12-17,302,3,39,258
2019-12-17,302,4,137,142
2019-12-17,302,5A,70,150
2019-12-17,302,5B,17,69
2019-12-17,302,5C,14,14
2019-12-18,303,1,6,187
2019-12-18,303,2A,14,21
2019-12-18,303,2B,18,112
2019-12-18,303,3,22,108
2019-12-18,303,4,51,52
2019-12-18,303,5A,63,128
2019-12-18,303,5B,16,68
2019-12-18,303,5C,3,3
2019-12-19,304,1,5,213
2019-12-19,304,2A,18,22
2019-12-19,304,2B,16,29
2019-12-19,304,3,79,737
2019-12-19,304,4,69,70
2019-12-19,304,5A,80,173
2019-12-19,304,5B,17,27
2019-12-19,304,5C,2,2
2019-12-19,304,T,7,140
2019-12-20,305,1,3,293
2019-12-20,305,2A,18,716
2019-12-20,305,2B,19,76
2019-12-20,305,3,45,408
2019-12-20,305,4,36,37
2019-12-20,305,5A,37,70
2019-12-20,305,5B,12,24
2019-12-20,305,5C,1,2
2019-12-21,306,1,4,37
2019-12-21,306,2A,14,27
2019-12-21,306,2B,8,13
2019-12-21,306,3,10,126
2019-12-21,306,4,225,228
2019-12-21,306,5A,24,55
2019-12-21,306,5B,64,64
2019-12-21,306,5C,3,3
2019-12-23,307,1,4,86
2019-12-23,307,2A,6,6
2019-12-23,307,2B,9,9
2019-12-23,307,3,10,88
2019-12-23,307,4,149,149
2019-12-23,307,5A,70,149
2019-12-23,307,5B,27,32
2019-12-23,307,5C,12,12
2019-12-24,308,1,2,66
2019-12-24,308,2A,17,20
2019-12-24,308,2B,12,180
2019-12-24,308,3,14,144
2019-12-24,308,4,149,153
2019-12-24,308,5A,59,111
2019-12-24,308,5B,147,158
2019-12-24,308,5C,2,2
2019-12-25,309,2A,4,6
2019-12-25,309,2B,14,14
2019-12-25,309,3,10,289
2019-12-26,310,2A,10,11
2019-12-26,310,2B,12,59
2019-12-26,310,3,9,30
2019-12-26,310,4,74,78
2019-12-26,310,5A,86,188
2019-12-26,310,5B,20,83
2019-12-26,310,5C,1,1
2019-12-27,311,1,1,187
2019-12-27,311,2A,10,28
2019-12-27,311,2B,9,105
2019-12-27,311,3,63,529
2019-12-27,311,4,39,41
2019-12-27,311,5A,28,64
2019-12-27,311,5B,11,32
2019-12-27,311,5C,1,1
2019-12-28,312,1,13,257
2019-12-28,312,2A,12,16
2019-12-28,312,2B,13,84
2019-12-28,312,3,23,145
2019-12-28,312,4,115,116
2019-12-28,312,5A,27,54
2019-12-28,312,5B,46,50
2019-12-28,312,5C,5,5
2019-12-30,313,1,6,273
2019-12-30,313,2A,9,55
2019-12-30,313,2B,10,10
2019-12-30,313,3,48,918
2019-12-30,313,4,2,3
2019-12-31,314,1,9,747
2019-12-31,314,2A,2,2
2019-12-31,314,2B,7,20
2019-12-31,314,3,20,154
2019-12-31,314,4,105,109
2019-12-31,314,5A,45,93
2019-12-31,314,5B,14,26
2019-12-31,314,5C,1,1
