anio,paginas_disposiciones_generales,paginas_boe,disposiciones_generales,normas_sin_correcciones_ni_judiciales,correcciones_de_errores,Leyes estatales,Reales decretos-ley,Leyes autonómicas,Decretos-ley autonómicos,anio_completo
1979,3052,28815,1923,1731,192,66,19,0,0,1
1980,3712,27890,1798,1643,153,96,18,0,0,1
1981,4857,29759,2079,1795,247,63,20,13,0,1
1982,5194,34863,2383,1979,317,73,27,27,0,1
1983,5914,33392,2016,1712,221,59,9,94,0,1
1984,7078,36247,2313,1833,326,59,16,172,0,1
1985,6231,39742,2548,1912,385,69,8,197,0,1
1986,6971,40729,2286,1599,433,47,2,144,0,1
1987,6221,36880,1904,1467,253,42,8,170,0,1
1988,4828,35774,1777,1368,235,52,7,125,0,1
1989,5359,38536,1760,1334,243,24,7,152,0,1
1990,4489,37965,1554,1211,198,37,6,153,0,1
1991,4847,40882,1677,1342,209,45,5,194,0,1
1992,5540,43641,1451,1209,142,50,6,121,0,1
1993,6354,56654,1557,1263,167,23,21,154,0,1
1994,8625,60495,1696,1449,151,66,14,157,0,1
1995,10610,59029,1882,1533,241,62,12,191,0,1
1996,10419,61947,1728,1411,225,20,17,139,0,1
1997,9107,60246,1875,1574,168,72,29,187,0,1
1998,10233,62832,1787,1470,195,61,20,207,0,1
1999,10688,60910,1731,1424,196,69,22,255,0,1
2000,8614,62366,1371,1079,162,28,10,133,0,1
2001,9944,62873,1464,1205,118,33,16,247,0,1
2002,8933,55695,1555,1254,123,65,10,272,0,1
2003,11529,56932,1747,1456,116,82,7,272,0,1
2004,9079,53061,1433,1113,135,15,11,129,0,1
2005,8404,54860,1593,1305,115,36,16,207,0,1
2006,10079,60315,1581,1262,107,52,13,211,0,1
2007,13714,67563,1721,1392,149,74,11,208,0,1
2008,12900,66101,1431,1122,131,8,10,168,0,1
2009,24545,276581,1429,1227,111,32,14,163,0,1
2010,27612,259831,1743,1457,157,54,14,250,6,1
2011,55203,256033,1992,1667,166,53,20,334,4,1
2012,25239,154796,1523,1188,174,25,29,376,9,1
2013,28568,176569,1419,1084,105,37,17,192,9,1
2014,32395,172960,1372,1083,92,44,17,190,13,1
2015,38263,180030,1708,1440,108,72,12,229,14,1
2016,20477,175642,1056,851,74,3,7,178,10,1
2017,26370,225996,1133,915,85,13,21,182,9,1
2018,22099,210257,1171,991,85,16,28,187,8,1
2019,23390,217222,1280,1063,76,8,18,207,21,1
2020,28125,194985,1402,1254,77,15,39,113,89,1
2021,36314,246354,1471,1311,79,33,32,136,93,1
2022,39775,258342,1368,1200,83,54,20,172,51,1
2023,36034,241988,1200,1061,84,17,8,216,37,1
2024,38439,263252,1147,1002,51,13,11,117,31,1
2025,29846,258900,1258,1085,75,13,17,123,46,1
2026,16485,180902,862,780,28,6,27,108,29,0
